Therapy,abstraction_%,prd_%,report_overlap
1st Line ADT,0.8983050847457628,0.9495268138801262,0.8256410256410256
Prostatectomy,0.6186440677966102,0.6995967741935484,1.0
2nd Line ADT,0.4067796610169492,0.4337539432176656,1.0
Chemotherapy,0.2966101694915254,0.2712933753943217,0.9111111111111112
Supportive Care,0.3050847457627119,0.2302839116719243,0.6363636363636364
Clinical Trial,0.1271186440677966,0.13249211356466878,1.0
Immunotherapy,0.1016949152542373,0.09936908517350157,1.0
Nuclear Medicine,0.03389830508474576,0.03627760252365931,1.0
